{"cameraMode":{"drawMode":0,"name":"Shaded","section":"Shading Mode"},"sceneLighting":false,"audioPlay":false,"sceneViewState":{"m_AlwaysRefresh":false,"showFog":true,"showSkybox":false,"showFlares":true,"showImageEffects":true,"showParticleSystems":true,"showVisualEffectGraphs":true,"m_FxEnabled":true},"in2DMode":false,"pivot":{"x":0.07175734639167786,"y":0.5178700089454651,"z":-0.017311276867985727},"rotation":{"x":-0.05161348730325699,"y":0.9315775036811829,"z":-0.3288097679615021,"w":-0.146229550242424},"size":2.337292194366455,"orthographic":false}